"","iso_2","iso_3","country","continent","oecd","year","category","share"
"23","AG","ATG","Antigua and Barbuda","NO",0,2022,1100,0.013
"20","AG","ATG","Antigua and Barbuda","NO",0,2022,1200,7.79
"19","AG","ATG","Antigua and Barbuda","NO",0,2022,1300,0
"18","AG","ATG","Antigua and Barbuda","NO",0,2022,2000,17.213
"17","AG","ATG","Antigua and Barbuda","NO",0,2022,3000,0
"21","AG","ATG","Antigua and Barbuda","NO",0,2022,4000,10.604
"22","AG","ATG","Antigua and Barbuda","NO",0,2022,5000,64.381
"16","AG","ATG","Antigua and Barbuda","NO",0,2022,6000,0
"4","AR","ARG","Argentina","SA",0,2022,1100,8.529
"2","AR","ARG","Argentina","SA",0,2022,1200,9.817
"5","AR","ARG","Argentina","SA",0,2022,1300,1.006
"7","AR","ARG","Argentina","SA",0,2022,2000,17.732
"6","AR","ARG","Argentina","SA",0,2022,3000,0
"1","AR","ARG","Argentina","SA",0,2022,4000,9.828
"8","AR","ARG","Argentina","SA",0,2022,5000,52.553
"3","AR","ARG","Argentina","SA",0,2022,6000,0.533
"10","AM","ARM","Armenia","AS",0,2022,1100,24.665
"13","AM","ARM","Armenia","AS",0,2022,1200,11.568
"12","AM","ARM","Armenia","AS",0,2022,1300,0
"9","AM","ARM","Armenia","AS",0,2022,2000,3.347
"15","AM","ARM","Armenia","AS",0,2022,4000,0
"11","AM","ARM","Armenia","AS",0,2022,5000,57.489
"14","AM","ARM","Armenia","AS",0,2022,6000,2.931
"56","AZ","AZE","Azerbaijan","AS",0,2022,1100,5.608
"59","AZ","AZE","Azerbaijan","AS",0,2022,1200,32.414
"63","AZ","AZE","Azerbaijan","AS",0,2022,1300,0
"60","AZ","AZE","Azerbaijan","AS",0,2022,2000,21.18
"57","AZ","AZE","Azerbaijan","AS",0,2022,3000,0
"61","AZ","AZE","Azerbaijan","AS",0,2022,4000,1.061
"62","AZ","AZE","Azerbaijan","AS",0,2022,5000,38.783
"58","AZ","AZE","Azerbaijan","AS",0,2022,6000,0.955
"105","BS","BHS","Bahamas","NO",0,2022,1100,0
"107","BS","BHS","Bahamas","NO",0,2022,1200,0
"106","BS","BHS","Bahamas","NO",0,2022,1300,0
"104","BS","BHS","Bahamas","NO",0,2022,2000,11.007
"111","BS","BHS","Bahamas","NO",0,2022,3000,0
"110","BS","BHS","Bahamas","NO",0,2022,4000,9.937
"108","BS","BHS","Bahamas","NO",0,2022,5000,79.056
"109","BS","BHS","Bahamas","NO",0,2022,6000,0
"92","BD","BGD","Bangladesh","AS",0,2022,1100,13.489
"89","BD","BGD","Bangladesh","AS",0,2022,1200,20.234
"90","BD","BGD","Bangladesh","AS",0,2022,1300,0
"91","BD","BGD","Bangladesh","AS",0,2022,2000,0
"95","BD","BGD","Bangladesh","AS",0,2022,3000,0
"94","BD","BGD","Bangladesh","AS",0,2022,4000,0
"88","BD","BGD","Bangladesh","AS",0,2022,5000,65.878
"93","BD","BGD","Bangladesh","AS",0,2022,6000,0.399
"138","BB","BRB","Barbados","NO",0,2022,1100,10.798
"141","BB","BRB","Barbados","NO",0,2022,1200,15.063
"140","BB","BRB","Barbados","NO",0,2022,1300,2.218
"143","BB","BRB","Barbados","NO",0,2022,2000,17.045
"142","BB","BRB","Barbados","NO",0,2022,3000,0
"136","BB","BRB","Barbados","NO",0,2022,4000,6.549
"137","BB","BRB","Barbados","NO",0,2022,5000,48.328
"139","BB","BRB","Barbados","NO",0,2022,6000,0
"114","BZ","BLZ","Belize","NO",0,2022,1100,8.98
"117","BZ","BLZ","Belize","NO",0,2022,1200,15.673
"112","BZ","BLZ","Belize","NO",0,2022,1300,0.989
"115","BZ","BLZ","Belize","NO",0,2022,2000,10.684
"118","BZ","BLZ","Belize","NO",0,2022,3000,0
"113","BZ","BLZ","Belize","NO",0,2022,4000,3.108
"119","BZ","BLZ","Belize","NO",0,2022,5000,60.566
"116","BZ","BLZ","Belize","NO",0,2022,6000,0
"150","BT","BTN","Bhutan","AS",0,2022,1100,9.164
"144","BT","BTN","Bhutan","AS",0,2022,1200,45.754
"151","BT","BTN","Bhutan","AS",0,2022,1300,0
"146","BT","BTN","Bhutan","AS",0,2022,2000,0
"149","BT","BTN","Bhutan","AS",0,2022,3000,-0.039
"148","BT","BTN","Bhutan","AS",0,2022,4000,0.566
"147","BT","BTN","Bhutan","AS",0,2022,5000,44.555
"145","BT","BTN","Bhutan","AS",0,2022,6000,0
"121","BO","BOL","Bolivia (Plurinational State of)","SA",0,2022,1100,0.696
"120","BO","BOL","Bolivia (Plurinational State of)","SA",0,2022,1200,13.741
"126","BO","BOL","Bolivia (Plurinational State of)","SA",0,2022,1300,0
"122","BO","BOL","Bolivia (Plurinational State of)","SA",0,2022,2000,24.094
"125","BO","BOL","Bolivia (Plurinational State of)","SA",0,2022,3000,0
"124","BO","BOL","Bolivia (Plurinational State of)","SA",0,2022,4000,1.065
"123","BO","BOL","Bolivia (Plurinational State of)","SA",0,2022,5000,51.11
"127","BO","BOL","Bolivia (Plurinational State of)","SA",0,2022,6000,9.293
"153","BW","BWA","Botswana","AF",0,2022,1300,64.199
"156","BW","BWA","Botswana","AF",0,2022,2000,0
"154","BW","BWA","Botswana","AF",0,2022,3000,0
"157","BW","BWA","Botswana","AF",0,2022,4000,0.284
"155","BW","BWA","Botswana","AF",0,2022,5000,35.516
"152","BW","BWA","Botswana","AF",0,2022,6000,0
"134","BR","BRA","Brazil","SA",0,2022,1100,9.194
"133","BR","BRA","Brazil","SA",0,2022,1200,13.258
"131","BR","BRA","Brazil","SA",0,2022,1300,5.139
"129","BR","BRA","Brazil","SA",0,2022,2000,24.196
"130","BR","BRA","Brazil","SA",0,2022,3000,1.646
"135","BR","BRA","Brazil","SA",0,2022,4000,4.851
"132","BR","BRA","Brazil","SA",0,2022,5000,41.123
"128","BR","BRA","Brazil","SA",0,2022,6000,0.593
"103","BG","BGR","Bulgaria","EU",0,2022,1100,9.993
"98","BG","BGR","Bulgaria","EU",0,2022,1200,9.383
"96","BG","BGR","Bulgaria","EU",0,2022,1300,0.047
"99","BG","BGR","Bulgaria","EU",0,2022,2000,26.547
"97","BG","BGR","Bulgaria","EU",0,2022,3000,0.067
"101","BG","BGR","Bulgaria","EU",0,2022,4000,1.768
"102","BG","BGR","Bulgaria","EU",0,2022,5000,45.494
"100","BG","BGR","Bulgaria","EU",0,2022,6000,6.702
"80","BF","BFA","Burkina Faso","AF",0,2022,1100,9.557
"85","BF","BFA","Burkina Faso","AF",0,2022,1200,23.47
"86","BF","BFA","Burkina Faso","AF",0,2022,1300,0.471
"84","BF","BFA","Burkina Faso","AF",0,2022,2000,9.147
"83","BF","BFA","Burkina Faso","AF",0,2022,3000,0.843
"87","BF","BFA","Burkina Faso","AF",0,2022,4000,0.653
"81","BF","BFA","Burkina Faso","AF",0,2022,5000,55.377
"82","BF","BFA","Burkina Faso","AF",0,2022,6000,0.483
"270","CV","CPV","Cabo Verde","AF",0,2022,1100,15.07
"276","CV","CPV","Cabo Verde","AF",0,2022,1200,7.474
"277","CV","CPV","Cabo Verde","AF",0,2022,1300,1.264
"274","CV","CPV","Cabo Verde","AF",0,2022,2000,0.189
"275","CV","CPV","Cabo Verde","AF",0,2022,3000,0
"272","CV","CPV","Cabo Verde","AF",0,2022,4000,1.759
"273","CV","CPV","Cabo Verde","AF",0,2022,5000,74.244
"271","CV","CPV","Cabo Verde","AF",0,2022,6000,0
"695","KH","KHM","Cambodia","AS",0,2022,1100,6.488
"699","KH","KHM","Cambodia","AS",0,2022,1200,25.153
"697","KH","KHM","Cambodia","AS",0,2022,1300,0
"694","KH","KHM","Cambodia","AS",0,2022,3000,0
"696","KH","KHM","Cambodia","AS",0,2022,4000,4.258
"698","KH","KHM","Cambodia","AS",0,2022,5000,64.003
"700","KH","KHM","Cambodia","AS",0,2022,6000,0.098
"223","CM","CMR","Cameroon","AF",0,2022,1100,6.385
"224","CM","CMR","Cameroon","AF",0,2022,1200,17.068
"225","CM","CMR","Cameroon","AF",0,2022,1300,6.743
"229","CM","CMR","Cameroon","AF",0,2022,2000,6.831
"222","CM","CMR","Cameroon","AF",0,2022,3000,1.725
"227","CM","CMR","Cameroon","AF",0,2022,4000,0.69
"228","CM","CMR","Cameroon","AF",0,2022,5000,58.349
"226","CM","CMR","Cameroon","AF",0,2022,6000,2.209
"1216","TD","TCD","Chad","AF",0,2022,1100,9.059
"1218","TD","TCD","Chad","AF",0,2022,1200,60.512
"1214","TD","TCD","Chad","AF",0,2022,1300,0
"1219","TD","TCD","Chad","AF",0,2022,3000,0.948
"1217","TD","TCD","Chad","AF",0,2022,4000,2.057
"1213","TD","TCD","Chad","AF",0,2022,5000,27.423
"1215","TD","TCD","Chad","AF",0,2022,6000,0
"210","CN","CHN","China","AS",0,2022,1100,6.178
"208","CN","CHN","China","AS",0,2022,1200,20.718
"211","CN","CHN","China","AS",0,2022,1300,0
"212","CN","CHN","China","AS",0,2022,2000,31.042
"207","CN","CHN","China","AS",0,2022,3000,0
"209","CN","CHN","China","AS",0,2022,4000,6.624
"206","CN","CHN","China","AS",0,2022,5000,35.438
"213","CN","CHN","China","AS",0,2022,6000,0
"537","HK","HKG","China, Hong Kong Special Administrative Region","AS",0,2022,1100,21.279
"541","HK","HKG","China, Hong Kong Special Administrative Region","AS",0,2022,1200,43.001
"539","HK","HKG","China, Hong Kong Special Administrative Region","AS",0,2022,1300,0
"535","HK","HKG","China, Hong Kong Special Administrative Region","AS",0,2022,2000,0
"538","HK","HKG","China, Hong Kong Special Administrative Region","AS",0,2022,3000,0
"536","HK","HKG","China, Hong Kong Special Administrative Region","AS",0,2022,4000,22.938
"540","HK","HKG","China, Hong Kong Special Administrative Region","AS",0,2022,5000,10.654
"542","HK","HKG","China, Hong Kong Special Administrative Region","AS",0,2022,6000,2.127
"244","CG","COG","Congo","AF",0,2022,1100,16.543
"239","CG","COG","Congo","AF",0,2022,1200,6.364
"241","CG","COG","Congo","AF",0,2022,1300,0
"238","CG","COG","Congo","AF",0,2022,2000,6.937
"242","CG","COG","Congo","AF",0,2022,3000,1.925
"240","CG","COG","Congo","AF",0,2022,4000,2.983
"245","CG","COG","Congo","AF",0,2022,5000,65.105
"243","CG","COG","Congo","AF",0,2022,6000,0.143
"250","CK","COK","Cook Islands","OC",0,2022,1100,20.167
"246","CK","COK","Cook Islands","OC",0,2022,1200,4.221
"253","CK","COK","Cook Islands","OC",0,2022,1300,0
"252","CK","COK","Cook Islands","OC",0,2022,2000,0
"248","CK","COK","Cook Islands","OC",0,2022,3000,0
"249","CK","COK","Cook Islands","OC",0,2022,4000,0
"251","CK","COK","Cook Islands","OC",0,2022,5000,75.612
"247","CK","COK","Cook Islands","OC",0,2022,6000,0
"215","CI","CIV","Cote d'Ivoire","AF",0,2022,1100,0.406
"218","CI","CIV","Cote d'Ivoire","AF",0,2022,1200,14.33
"221","CI","CIV","Cote d'Ivoire","AF",0,2022,1300,0.316
"216","CI","CIV","Cote d'Ivoire","AF",0,2022,2000,11.182
"214","CI","CIV","Cote d'Ivoire","AF",0,2022,3000,11.462
"217","CI","CIV","Cote d'Ivoire","AF",0,2022,4000,3.296
"220","CI","CIV","Cote d'Ivoire","AF",0,2022,5000,58.283
"219","CI","CIV","Cote d'Ivoire","AF",0,2022,6000,0.725
"555","HR","HRV","Croatia","EU",0,2022,1100,8.712
"558","HR","HRV","Croatia","EU",0,2022,1200,8.684
"552","HR","HRV","Croatia","EU",0,2022,1300,0
"556","HR","HRV","Croatia","EU",0,2022,2000,28.669
"557","HR","HRV","Croatia","EU",0,2022,3000,0
"553","HR","HRV","Croatia","EU",0,2022,4000,2.859
"554","HR","HRV","Croatia","EU",0,2022,5000,51.076
"551","HR","HRV","Croatia","EU",0,2022,6000,0
"298","CU","CUB","Cuba","NO",0,2022,1100,6.464
"296","CU","CUB","Cuba","NO",0,2022,1200,40.374
"295","CU","CUB","Cuba","NO",0,2022,1300,0
"299","CU","CUB","Cuba","NO",0,2022,2000,14.414
"301","CU","CUB","Cuba","NO",0,2022,3000,5.377
"297","CU","CUB","Cuba","NO",0,2022,4000,0
"294","CU","CUB","Cuba","NO",0,2022,5000,10.907
"300","CU","CUB","Cuba","NO",0,2022,6000,22.464
"237","CD","COD","Democratic Republic of the Congo","AF",0,2022,1100,8.772
"236","CD","COD","Democratic Republic of the Congo","AF",0,2022,1200,42.713
"231","CD","COD","Democratic Republic of the Congo","AF",0,2022,1300,0.007
"232","CD","COD","Democratic Republic of the Congo","AF",0,2022,2000,6.678
"230","CD","COD","Democratic Republic of the Congo","AF",0,2022,3000,2.184
"234","CD","COD","Democratic Republic of the Congo","AF",0,2022,4000,0.541
"235","CD","COD","Democratic Republic of the Congo","AF",0,2022,5000,37.95
"233","CD","COD","Democratic Republic of the Congo","AF",0,2022,6000,1.156
"353","DO","DOM","Dominican Republic","NO",0,2022,1100,9.995
"356","DO","DOM","Dominican Republic","NO",0,2022,1200,16.116
"354","DO","DOM","Dominican Republic","NO",0,2022,1300,5.546
"352","DO","DOM","Dominican Republic","NO",0,2022,2000,0.564
"355","DO","DOM","Dominican Republic","NO",0,2022,3000,0.437
"351","DO","DOM","Dominican Republic","NO",0,2022,4000,5.165
"357","DO","DOM","Dominican Republic","NO",0,2022,5000,62.177
"350","DO","DOM","Dominican Republic","NO",0,2022,6000,0
"358","EC","ECU","Ecuador","SA",0,2022,2000,23.986
"361","EC","ECU","Ecuador","SA",0,2022,3000,0
"362","EC","ECU","Ecuador","SA",0,2022,4000,4.095
"360","EC","ECU","Ecuador","SA",0,2022,5000,49.831
"359","EC","ECU","Ecuador","SA",0,2022,6000,0.007
"369","EG","EGY","Egypt","AF",0,2022,1100,13.653
"363","EG","EGY","Egypt","AF",0,2022,1200,27.819
"367","EG","EGY","Egypt","AF",0,2022,1300,1.647
"370","EG","EGY","Egypt","AF",0,2022,2000,13.453
"365","EG","EGY","Egypt","AF",0,2022,3000,0
"366","EG","EGY","Egypt","AF",0,2022,4000,0.585
"368","EG","EGY","Egypt","AF",0,2022,5000,42.842
"364","EG","EGY","Egypt","AF",0,2022,6000,0
"1136","SV","SLV","El Salvador","NO",0,2022,1100,14.265
"1139","SV","SLV","El Salvador","NO",0,2022,1200,17.954
"1135","SV","SLV","El Salvador","NO",0,2022,1300,4.216
"1137","SV","SLV","El Salvador","NO",0,2022,2000,11.23
"1140","SV","SLV","El Salvador","NO",0,2022,3000,0.563
"1133","SV","SLV","El Salvador","NO",0,2022,4000,0.774
"1138","SV","SLV","El Salvador","NO",0,2022,5000,49.555
"1134","SV","SLV","El Salvador","NO",0,2022,6000,1.444
"497","GQ","GNQ","Equatorial Guinea","AF",0,2022,1100,9.816
"494","GQ","GNQ","Equatorial Guinea","AF",0,2022,1200,65.114
"495","GQ","GNQ","Equatorial Guinea","AF",0,2022,1300,0
"491","GQ","GNQ","Equatorial Guinea","AF",0,2022,2000,8.107
"492","GQ","GNQ","Equatorial Guinea","AF",0,2022,3000,0
"493","GQ","GNQ","Equatorial Guinea","AF",0,2022,4000,0.03
"496","GQ","GNQ","Equatorial Guinea","AF",0,2022,5000,16.682
"490","GQ","GNQ","Equatorial Guinea","AF",0,2022,6000,0.25
"424","FJ","FJI","Fiji","OC",0,2022,1100,9.589
"422","FJ","FJI","Fiji","OC",0,2022,1200,18.415
"425","FJ","FJI","Fiji","OC",0,2022,1300,0
"426","FJ","FJI","Fiji","OC",0,2022,2000,0
"423","FJ","FJI","Fiji","OC",0,2022,3000,0
"419","FJ","FJI","Fiji","OC",0,2022,4000,0.027
"421","FJ","FJI","Fiji","OC",0,2022,5000,71.97
"420","FJ","FJI","Fiji","OC",0,2022,6000,0
"447","GA","GAB","Gabon","AF",0,2022,1100,9.063
"443","GA","GAB","Gabon","AF",0,2022,1200,36.632
"448","GA","GAB","Gabon","AF",0,2022,1300,1.187
"444","GA","GAB","Gabon","AF",0,2022,2000,10.69
"450","GA","GAB","Gabon","AF",0,2022,3000,0.732
"445","GA","GAB","Gabon","AF",0,2022,4000,1.591
"449","GA","GAB","Gabon","AF",0,2022,5000,39.462
"446","GA","GAB","Gabon","AF",0,2022,6000,0.643
"467","GE","GEO","Georgia","AS",0,2022,1100,29.116
"468","GE","GEO","Georgia","AS",0,2022,1200,11.164
"471","GE","GEO","Georgia","AS",0,2022,1300,0
"470","GE","GEO","Georgia","AS",0,2022,2000,0
"473","GE","GEO","Georgia","AS",0,2022,3000,0
"469","GE","GEO","Georgia","AS",0,2022,4000,3.49
"472","GE","GEO","Georgia","AS",0,2022,5000,55.346
"474","GE","GEO","Georgia","AS",0,2022,6000,0.885
"479","GH","GHA","Ghana","AF",0,2022,1100,14.847
"476","GH","GHA","Ghana","AF",0,2022,1200,23.969
"478","GH","GHA","Ghana","AF",0,2022,1300,0.368
"482","GH","GHA","Ghana","AF",0,2022,2000,5.118
"481","GH","GHA","Ghana","AF",0,2022,3000,0
"477","GH","GHA","Ghana","AF",0,2022,4000,0.695
"480","GH","GHA","Ghana","AF",0,2022,5000,55.004
"475","GH","GHA","Ghana","AF",0,2022,6000,0
"524","GT","GTM","Guatemala","NO",0,2022,1100,3.674
"521","GT","GTM","Guatemala","NO",0,2022,1200,20.544
"523","GT","GTM","Guatemala","NO",0,2022,1300,0
"520","GT","GTM","Guatemala","NO",0,2022,2000,14.668
"522","GT","GTM","Guatemala","NO",0,2022,3000,1.04
"519","GT","GTM","Guatemala","NO",0,2022,4000,1.451
"525","GT","GTM","Guatemala","NO",0,2022,5000,52.836
"526","GT","GTM","Guatemala","NO",0,2022,6000,5.787
"486","GN","GIN","Guinea","AF",0,2022,1100,5.077
"487","GN","GIN","Guinea","AF",0,2022,1200,13.863
"488","GN","GIN","Guinea","AF",0,2022,1300,1.416
"485","GN","GIN","Guinea","AF",0,2022,3000,2.014
"489","GN","GIN","Guinea","AF",0,2022,4000,0.249
"484","GN","GIN","Guinea","AF",0,2022,5000,75.962
"483","GN","GIN","Guinea","AF",0,2022,6000,1.419
"527","GY","GUY","Guyana","SA",0,2022,1100,18.159
"530","GY","GUY","Guyana","SA",0,2022,1200,32.241
"529","GY","GUY","Guyana","SA",0,2022,1300,0.406
"531","GY","GUY","Guyana","SA",0,2022,2000,9.666
"534","GY","GUY","Guyana","SA",0,2022,3000,0
"533","GY","GUY","Guyana","SA",0,2022,4000,2.017
"528","GY","GUY","Guyana","SA",0,2022,5000,36.883
"532","GY","GUY","Guyana","SA",0,2022,6000,0.628
"548","HN","HND","Honduras","NO",0,2022,1100,10.521
"545","HN","HND","Honduras","NO",0,2022,1200,18.547
"547","HN","HND","Honduras","NO",0,2022,1300,0
"550","HN","HND","Honduras","NO",0,2022,2000,15.22
"546","HN","HND","Honduras","NO",0,2022,3000,0.732
"549","HN","HND","Honduras","NO",0,2022,4000,2.938
"544","HN","HND","Honduras","NO",0,2022,5000,48.472
"543","HN","HND","Honduras","NO",0,2022,6000,3.57
"580","ID","IDN","Indonesia","AS",0,2022,1100,13.457
"579","ID","IDN","Indonesia","AS",0,2022,1200,28.771
"576","ID","IDN","Indonesia","AS",0,2022,1300,0
"582","ID","IDN","Indonesia","AS",0,2022,2000,4.303
"581","ID","IDN","Indonesia","AS",0,2022,3000,0
"577","ID","IDN","Indonesia","AS",0,2022,4000,1.269
"575","ID","IDN","Indonesia","AS",0,2022,5000,42.549
"578","ID","IDN","Indonesia","AS",0,2022,6000,9.651
"654","JM","JAM","Jamaica","NO",0,2022,1100,12.608
"649","JM","JAM","Jamaica","NO",0,2022,1200,10.342
"651","JM","JAM","Jamaica","NO",0,2022,1300,3.95
"650","JM","JAM","Jamaica","NO",0,2022,2000,5.534
"653","JM","JAM","Jamaica","NO",0,2022,3000,4.969
"648","JM","JAM","Jamaica","NO",0,2022,4000,2.747
"652","JM","JAM","Jamaica","NO",0,2022,5000,59.519
"647","JM","JAM","Jamaica","NO",0,2022,6000,0.332
"673","KZ","KAZ","Kazakhstan","AS",0,2022,1100,7.316
"676","KZ","KAZ","Kazakhstan","AS",0,2022,1200,30.889
"672","KZ","KAZ","Kazakhstan","AS",0,2022,1300,0
"671","KZ","KAZ","Kazakhstan","AS",0,2022,2000,5.314
"678","KZ","KAZ","Kazakhstan","AS",0,2022,3000,5.05
"677","KZ","KAZ","Kazakhstan","AS",0,2022,4000,1.822
"675","KZ","KAZ","Kazakhstan","AS",0,2022,5000,49.602
"674","KZ","KAZ","Kazakhstan","AS",0,2022,6000,0.007
"683","KE","KEN","Kenya","AF",0,2022,1100,22.696
"679","KE","KEN","Kenya","AF",0,2022,1200,11.353
"686","KE","KEN","Kenya","AF",0,2022,1300,7.97
"680","KE","KEN","Kenya","AF",0,2022,2000,3.699
"685","KE","KEN","Kenya","AF",0,2022,3000,0
"684","KE","KEN","Kenya","AF",0,2022,4000,0.039
"682","KE","KEN","Kenya","AF",0,2022,5000,53.616
"681","KE","KEN","Kenya","AF",0,2022,6000,0.628
"706","KI","KIR","Kiribati","OC",0,2022,1100,22.175
"705","KI","KIR","Kiribati","OC",0,2022,1200,20.481
"703","KI","KIR","Kiribati","OC",0,2022,1300,0
"708","KI","KIR","Kiribati","OC",0,2022,2000,0
"704","KI","KIR","Kiribati","OC",0,2022,3000,0
"701","KI","KIR","Kiribati","OC",0,2022,4000,0
"702","KI","KIR","Kiribati","OC",0,2022,5000,57.344
"707","KI","KIR","Kiribati","OC",0,2022,6000,0
"690","KG","KGZ","Kyrgyzstan","AS",0,2022,1100,9.011
"692","KG","KGZ","Kyrgyzstan","AS",0,2022,1200,11.202
"689","KG","KGZ","Kyrgyzstan","AS",0,2022,1300,2.208
"691","KG","KGZ","Kyrgyzstan","AS",0,2022,3000,0
"687","KG","KGZ","Kyrgyzstan","AS",0,2022,4000,1.008
"693","KG","KGZ","Kyrgyzstan","AS",0,2022,5000,77.457
"688","KG","KGZ","Kyrgyzstan","AS",0,2022,6000,-0.886
"725","LA","LAO","Lao People's Democratic Republic","AS",0,2022,1100,9.876
"730","LA","LAO","Lao People's Democratic Republic","AS",0,2022,1200,17.645
"726","LA","LAO","Lao People's Democratic Republic","AS",0,2022,1300,0
"731","LA","LAO","Lao People's Democratic Republic","AS",0,2022,3000,0
"729","LA","LAO","Lao People's Democratic Republic","AS",0,2022,4000,0.838
"727","LA","LAO","Lao People's Democratic Republic","AS",0,2022,5000,71.641
"728","LA","LAO","Lao People's Democratic Republic","AS",0,2022,6000,0
"758","LS","LSO","Lesotho","AF",0,2022,1100,41.02
"756","LS","LSO","Lesotho","AF",0,2022,1200,9.974
"760","LS","LSO","Lesotho","AF",0,2022,1300,0.389
"755","LS","LSO","Lesotho","AF",0,2022,2000,0
"761","LS","LSO","Lesotho","AF",0,2022,3000,0
"759","LS","LSO","Lesotho","AF",0,2022,5000,48.617
"757","LS","LSO","Lesotho","AF",0,2022,6000,0
"745","LI","LIE","Liechtenstein","EU",0,2022,1100,21.456
"741","LI","LIE","Liechtenstein","EU",0,2022,1200,19.885
"746","LI","LIE","Liechtenstein","EU",0,2022,1300,1.866
"742","LI","LIE","Liechtenstein","EU",0,2022,2000,29.145
"740","LI","LIE","Liechtenstein","EU",0,2022,4000,3.527
"743","LI","LIE","Liechtenstein","EU",0,2022,5000,24.101
"744","LI","LIE","Liechtenstein","EU",0,2022,6000,0.02
"819","MG","MDG","Madagascar","AF",0,2022,1100,10.49
"820","MG","MDG","Madagascar","AF",0,2022,1200,14.675
"818","MG","MDG","Madagascar","AF",0,2022,1300,1.604
"823","MG","MDG","Madagascar","AF",0,2022,2000,4.97
"821","MG","MDG","Madagascar","AF",0,2022,3000,0
"824","MG","MDG","Madagascar","AF",0,2022,4000,0.569
"822","MG","MDG","Madagascar","AF",0,2022,5000,67.562
"825","MG","MDG","Madagascar","AF",0,2022,6000,0.13
"910","MW","MWI","Malawi","AF",0,2022,1100,24.975
"906","MW","MWI","Malawi","AF",0,2022,1200,20.279
"909","MW","MWI","Malawi","AF",0,2022,1300,0
"911","MW","MWI","Malawi","AF",0,2022,2000,0
"907","MW","MWI","Malawi","AF",0,2022,3000,0
"908","MW","MWI","Malawi","AF",0,2022,5000,54.649
"905","MW","MWI","Malawi","AF",0,2022,6000,0.097
"919","MY","MYS","Malaysia","AS",0,2022,1100,15.504
"914","MY","MYS","Malaysia","AS",0,2022,1200,48.791
"916","MY","MYS","Malaysia","AS",0,2022,1300,2.459
"917","MY","MYS","Malaysia","AS",0,2022,2000,2.703
"912","MY","MYS","Malaysia","AS",0,2022,3000,0
"918","MY","MYS","Malaysia","AS",0,2022,4000,0
"913","MY","MYS","Malaysia","AS",0,2022,5000,26.846
"915","MY","MYS","Malaysia","AS",0,2022,6000,3.696
"827","MV","MDV","Maldives","AS",0,2022,1100,1.629
"829","MV","MDV","Maldives","AS",0,2022,1200,20.582
"831","MV","MDV","Maldives","AS",0,2022,1300,0
"830","MV","MDV","Maldives","AS",0,2022,2000,0
"832","MV","MDV","Maldives","AS",0,2022,4000,0.019
"826","MV","MDV","Maldives","AS",0,2022,5000,77.77
"828","MV","MDV","Maldives","AS",0,2022,6000,0
"858","ML","MLI","Mali","AF",0,2022,1100,7.082
"857","ML","MLI","Mali","AF",0,2022,1200,16.336
"861","ML","MLI","Mali","AF",0,2022,1300,1.926
"862","ML","MLI","Mali","AF",0,2022,2000,22.056
"859","ML","MLI","Mali","AF",0,2022,3000,0.713
"863","ML","MLI","Mali","AF",0,2022,4000,1.403
"864","ML","MLI","Mali","AF",0,2022,5000,47.021
"860","ML","MLI","Mali","AF",0,2022,6000,3.463
"865","MT","MLT","Malta","EU",0,2022,1100,27.214
"868","MT","MLT","Malta","EU",0,2022,1200,16.191
"867","MT","MLT","Malta","EU",0,2022,1300,0
"871","MT","MLT","Malta","EU",0,2022,2000,17.502
"869","MT","MLT","Malta","EU",0,2022,3000,0
"870","MT","MLT","Malta","EU",0,2022,4000,2.74
"866","MT","MLT","Malta","EU",0,2022,5000,36.354
"872","MT","MLT","Malta","EU",0,2022,6000,0
"851","MH","MHL","Marshall Islands","OC",0,2022,1100,24.51
"854","MH","MHL","Marshall Islands","OC",0,2022,1200,0
"852","MH","MHL","Marshall Islands","OC",0,2022,1300,0
"855","MH","MHL","Marshall Islands","OC",0,2022,2000,47.319
"856","MH","MHL","Marshall Islands","OC",0,2022,3000,0.943
"850","MH","MHL","Marshall Islands","OC",0,2022,4000,0.164
"853","MH","MHL","Marshall Islands","OC",0,2022,5000,26.777
"849","MH","MHL","Marshall Islands","OC",0,2022,6000,0.286
"890","MR","MRT","Mauritania","AF",0,2022,1100,13.628
"895","MR","MRT","Mauritania","AF",0,2022,1200,20.396
"889","MR","MRT","Mauritania","AF",0,2022,1300,0
"893","MR","MRT","Mauritania","AF",0,2022,2000,4.24
"896","MR","MRT","Mauritania","AF",0,2022,3000,0.1
"892","MR","MRT","Mauritania","AF",0,2022,4000,0.082
"894","MR","MRT","Mauritania","AF",0,2022,5000,60.897
"891","MR","MRT","Mauritania","AF",0,2022,6000,0.657
"903","MU","MUS","Mauritius","AF",0,2022,1100,11.915
"898","MU","MUS","Mauritius","AF",0,2022,1200,16.1
"904","MU","MUS","Mauritius","AF",0,2022,1300,1.857
"899","MU","MUS","Mauritius","AF",0,2022,2000,7.134
"900","MU","MUS","Mauritius","AF",0,2022,3000,0.735
"901","MU","MUS","Mauritius","AF",0,2022,4000,4.996
"897","MU","MUS","Mauritius","AF",0,2022,5000,57.108
"902","MU","MUS","Mauritius","AF",0,2022,6000,0.155
"873","MN","MNG","Mongolia","AS",0,2022,1100,9.735
"874","MN","MNG","Mongolia","AS",0,2022,1200,18.666
"875","MN","MNG","Mongolia","AS",0,2022,1300,0
"878","MN","MNG","Mongolia","AS",0,2022,2000,21.776
"879","MN","MNG","Mongolia","AS",0,2022,3000,0
"877","MN","MNG","Mongolia","AS",0,2022,4000,2.722
"876","MN","MNG","Mongolia","AS",0,2022,5000,47.102
"880","MN","MNG","Mongolia","AS",0,2022,6000,0
"816","MA","MAR","Morocco","AF",0,2022,1100,12.779
"811","MA","MAR","Morocco","AF",0,2022,1200,18.026
"815","MA","MAR","Morocco","AF",0,2022,1300,0
"814","MA","MAR","Morocco","AF",0,2022,2000,22.509
"812","MA","MAR","Morocco","AF",0,2022,3000,0
"810","MA","MAR","Morocco","AF",0,2022,4000,4.986
"817","MA","MAR","Morocco","AF",0,2022,5000,41.412
"813","MA","MAR","Morocco","AF",0,2022,6000,0.287
"884","MZ","MOZ","Mozambique","AF",0,2022,1100,19.837
"881","MZ","MOZ","Mozambique","AF",0,2022,1200,30.423
"885","MZ","MOZ","Mozambique","AF",0,2022,1300,0
"887","MZ","MOZ","Mozambique","AF",0,2022,2000,0.692
"888","MZ","MOZ","Mozambique","AF",0,2022,3000,0
"883","MZ","MOZ","Mozambique","AF",0,2022,4000,1.188
"882","MZ","MOZ","Mozambique","AF",0,2022,5000,47.069
"886","MZ","MOZ","Mozambique","AF",0,2022,6000,0.791
"925",NA,"NAM","Namibia","AF",0,2022,1100,39.661
"926",NA,"NAM","Namibia","AF",0,2022,1200,21.187
"924",NA,"NAM","Namibia","AF",0,2022,1300,0
"923",NA,"NAM","Namibia","AF",0,2022,2000,1.429
"920",NA,"NAM","Namibia","AF",0,2022,3000,0
"921",NA,"NAM","Namibia","AF",0,2022,4000,0.593
"922",NA,"NAM","Namibia","AF",0,2022,5000,36.782
"927",NA,"NAM","Namibia","AF",0,2022,6000,0.348
"985","NR","NRU","Nauru","OC",0,2022,1100,0
"989","NR","NRU","Nauru","OC",0,2022,1200,0
"991","NR","NRU","Nauru","OC",0,2022,1300,73.898
"987","NR","NRU","Nauru","OC",0,2022,2000,0
"988","NR","NRU","Nauru","OC",0,2022,3000,0
"984","NR","NRU","Nauru","OC",0,2022,4000,0
"990","NR","NRU","Nauru","OC",0,2022,5000,26.102
"986","NR","NRU","Nauru","OC",0,2022,6000,0
"944","NI","NIC","Nicaragua","NO",0,2022,1100,6.178
"948","NI","NIC","Nicaragua","NO",0,2022,1200,26.295
"945","NI","NIC","Nicaragua","NO",0,2022,1300,0
"947","NI","NIC","Nicaragua","NO",0,2022,2000,22.776
"950","NI","NIC","Nicaragua","NO",0,2022,3000,0
"949","NI","NIC","Nicaragua","NO",0,2022,4000,1.162
"946","NI","NIC","Nicaragua","NO",0,2022,5000,42.679
"951","NI","NIC","Nicaragua","NO",0,2022,6000,0.909
"928","NE","NER","Niger","AF",0,2022,1100,8.105
"935","NE","NER","Niger","AF",0,2022,1200,17.156
"932","NE","NER","Niger","AF",0,2022,1300,0
"929","NE","NER","Niger","AF",0,2022,2000,5.438
"933","NE","NER","Niger","AF",0,2022,3000,0.576
"931","NE","NER","Niger","AF",0,2022,4000,1.919
"934","NE","NER","Niger","AF",0,2022,5000,59.322
"930","NE","NER","Niger","AF",0,2022,6000,7.484
"940","NG","NGA","Nigeria","AF",0,2022,1100,7.324
"936","NG","NGA","Nigeria","AF",0,2022,1200,46.555
"939","NG","NGA","Nigeria","AF",0,2022,1300,0
"941","NG","NGA","Nigeria","AF",0,2022,2000,7.024
"938","NG","NGA","Nigeria","AF",0,2022,3000,0.289
"943","NG","NGA","Nigeria","AF",0,2022,4000,0.785
"937","NG","NGA","Nigeria","AF",0,2022,5000,32.35
"942","NG","NGA","Nigeria","AF",0,2022,6000,5.672
"1011","PK","PAK","Pakistan","AS",0,2022,1300,38.848
"1012","PK","PAK","Pakistan","AS",0,2022,2000,0
"1010","PK","PAK","Pakistan","AS",0,2022,3000,0
"1009","PK","PAK","Pakistan","AS",0,2022,4000,0.774
"1013","PK","PAK","Pakistan","AS",0,2022,5000,58.882
"1008","PK","PAK","Pakistan","AS",0,2022,6000,1.497
"1018","PA","PAN","Panama","NO",0,2022,1100,14.128
"1017","PA","PAN","Panama","NO",0,2022,1200,9.503
"1016","PA","PAN","Panama","NO",0,2022,1300,4.337
"1019","PA","PAN","Panama","NO",0,2022,2000,42.005
"1020","PA","PAN","Panama","NO",0,2022,3000,1.3
"1021","PA","PAN","Panama","NO",0,2022,4000,2.072
"1014","PA","PAN","Panama","NO",0,2022,5000,26.379
"1015","PA","PAN","Panama","NO",0,2022,6000,0.275
"1042","PG","PNG","Papua New Guinea","OC",0,2022,1100,22.196
"1043","PG","PNG","Papua New Guinea","OC",0,2022,1200,46.192
"1044","PG","PNG","Papua New Guinea","OC",0,2022,1300,0
"1040","PG","PNG","Papua New Guinea","OC",0,2022,2000,0
"1045","PG","PNG","Papua New Guinea","OC",0,2022,3000,0.008
"1041","PG","PNG","Papua New Guinea","OC",0,2022,4000,0.184
"1038","PG","PNG","Papua New Guinea","OC",0,2022,5000,31.419
"1039","PG","PNG","Papua New Guinea","OC",0,2022,6000,0
"1080","PY","PRY","Paraguay","SA",0,2022,1100,1.023
"1078","PY","PRY","Paraguay","SA",0,2022,1200,19.408
"1082","PY","PRY","Paraguay","SA",0,2022,1300,0
"1083","PY","PRY","Paraguay","SA",0,2022,2000,28.826
"1081","PY","PRY","Paraguay","SA",0,2022,3000,0
"1084","PY","PRY","Paraguay","SA",0,2022,4000,1.165
"1079","PY","PRY","Paraguay","SA",0,2022,5000,48.906
"1085","PY","PRY","Paraguay","SA",0,2022,6000,0.671
"1024","PE","PER","Peru","SA",0,2022,1100,10.18
"1026","PE","PER","Peru","SA",0,2022,1200,30.416
"1022","PE","PER","Peru","SA",0,2022,1300,1.316
"1025","PE","PER","Peru","SA",0,2022,2000,9.931
"1028","PE","PER","Peru","SA",0,2022,3000,0.063
"1027","PE","PER","Peru","SA",0,2022,4000,1.978
"1023","PE","PER","Peru","SA",0,2022,5000,44.921
"1029","PE","PER","Peru","SA",0,2022,6000,1.196
"1031","PH","PHL","Philippines","AS",0,2022,1100,16.781
"1035","PH","PHL","Philippines","AS",0,2022,1200,15.278
"1036","PH","PHL","Philippines","AS",0,2022,1300,1.208
"1033","PH","PHL","Philippines","AS",0,2022,2000,15.194
"1037","PH","PHL","Philippines","AS",0,2022,3000,0
"1034","PH","PHL","Philippines","AS",0,2022,4000,2.626
"1030","PH","PHL","Philippines","AS",0,2022,5000,43.756
"1032","PH","PHL","Philippines","AS",0,2022,6000,5.158
"1088","RO","ROU","Romania","EU",0,2022,1100,10.378
"1090","RO","ROU","Romania","EU",0,2022,1200,11.408
"1087","RO","ROU","Romania","EU",0,2022,1300,0
"1091","RO","ROU","Romania","EU",0,2022,2000,37.219
"1086","RO","ROU","Romania","EU",0,2022,3000,0
"1093","RO","ROU","Romania","EU",0,2022,4000,1.807
"1092","RO","ROU","Romania","EU",0,2022,5000,39.16
"1089","RO","ROU","Romania","EU",0,2022,6000,0.028
"1097","RW","RWA","Rwanda","AF",0,2022,1100,21.684
"1098","RW","RWA","Rwanda","AF",0,2022,1200,20.944
"1095","RW","RWA","Rwanda","AF",0,2022,1300,0
"1096","RW","RWA","Rwanda","AF",0,2022,2000,5.549
"1101","RW","RWA","Rwanda","AF",0,2022,3000,0
"1099","RW","RWA","Rwanda","AF",0,2022,4000,0.867
"1100","RW","RWA","Rwanda","AF",0,2022,5000,50.957
"1094","RW","RWA","Rwanda","AF",0,2022,6000,0
"734","LC","LCA","Saint Lucia","NO",0,2022,1100,11.622
"736","LC","LCA","Saint Lucia","NO",0,2022,1200,8.412
"732","LC","LCA","Saint Lucia","NO",0,2022,1300,1.156
"737","LC","LCA","Saint Lucia","NO",0,2022,2000,13.299
"738","LC","LCA","Saint Lucia","NO",0,2022,3000,0
"735","LC","LCA","Saint Lucia","NO",0,2022,4000,2.284
"739","LC","LCA","Saint Lucia","NO",0,2022,5000,63.227
"733","LC","LCA","Saint Lucia","NO",0,2022,6000,0
"1342","WS","WSM","Samoa","OC",0,2022,1100,11.763
"1343","WS","WSM","Samoa","OC",0,2022,1200,8.896
"1344","WS","WSM","Samoa","OC",0,2022,1300,0
"1340","WS","WSM","Samoa","OC",0,2022,2000,0
"1338","WS","WSM","Samoa","OC",0,2022,3000,0
"1339","WS","WSM","Samoa","OC",0,2022,4000,0
"1341","WS","WSM","Samoa","OC",0,2022,5000,79.341
"1337","WS","WSM","Samoa","OC",0,2022,6000,0
"1103","SN","SEN","Senegal","AF",0,2022,1100,16.109
"1104","SN","SEN","Senegal","AF",0,2022,1200,13.202
"1105","SN","SEN","Senegal","AF",0,2022,1300,0.293
"1108","SN","SEN","Senegal","AF",0,2022,2000,4.666
"1109","SN","SEN","Senegal","AF",0,2022,3000,1.149
"1106","SN","SEN","Senegal","AF",0,2022,4000,2.278
"1102","SN","SEN","Senegal","AF",0,2022,5000,61.017
"1107","SN","SEN","Senegal","AF",0,2022,6000,1.285
"1208","SC","SYC","Seychelles","AF",0,2022,1100,13.576
"1209","SC","SYC","Seychelles","AF",0,2022,1200,15.095
"1212","SC","SYC","Seychelles","AF",0,2022,1300,0
"1210","SC","SYC","Seychelles","AF",0,2022,2000,7.781
"1211","SC","SYC","Seychelles","AF",0,2022,3000,0
"1205","SC","SYC","Seychelles","AF",0,2022,4000,0.914
"1207","SC","SYC","Seychelles","AF",0,2022,5000,62.634
"1206","SC","SYC","Seychelles","AF",0,2022,6000,0
"1128","SL","SLE","Sierra Leone","AF",0,2022,1100,27.248
"1129","SL","SLE","Sierra Leone","AF",0,2022,1200,16.951
"1127","SL","SLE","Sierra Leone","AF",0,2022,1300,0
"1131","SL","SLE","Sierra Leone","AF",0,2022,2000,12.696
"1130","SL","SLE","Sierra Leone","AF",0,2022,3000,0.016
"1126","SL","SLE","Sierra Leone","AF",0,2022,5000,43.089
"1132","SL","SLE","Sierra Leone","AF",0,2022,6000,0
"1114","SG","SGP","Singapore","AS",0,2022,1100,18.77
"1115","SG","SGP","Singapore","AS",0,2022,1200,29.65
"1111","SG","SGP","Singapore","AS",0,2022,1300,2.548
"1117","SG","SGP","Singapore","AS",0,2022,2000,0
"1113","SG","SGP","Singapore","AS",0,2022,3000,0
"1116","SG","SGP","Singapore","AS",0,2022,4000,13.355
"1112","SG","SGP","Singapore","AS",0,2022,5000,27.184
"1110","SG","SGP","Singapore","AS",0,2022,6000,8.494
"1120","SB","SLB","Solomon Islands","OC",0,2022,1100,18.812
"1122","SB","SLB","Solomon Islands","OC",0,2022,1200,11.281
"1125","SB","SLB","Solomon Islands","OC",0,2022,1300,0
"1124","SB","SLB","Solomon Islands","OC",0,2022,2000,0
"1118","SB","SLB","Solomon Islands","OC",0,2022,3000,0
"1121","SB","SLB","Solomon Islands","OC",0,2022,4000,0.648
"1119","SB","SLB","Solomon Islands","OC",0,2022,5000,69.259
"1123","SB","SLB","Solomon Islands","OC",0,2022,6000,0
"1147","SO","SOM","Somalia","AF",0,2022,1100,9.714
"1148","SO","SOM","Somalia","AF",0,2022,1200,0.247
"1145","SO","SOM","Somalia","AF",0,2022,1300,1.166
"1146","SO","SOM","Somalia","AF",0,2022,2000,0
"1142","SO","SOM","Somalia","AF",0,2022,3000,0
"1144","SO","SOM","Somalia","AF",0,2022,4000,0.842
"1143","SO","SOM","Somalia","AF",0,2022,5000,87.11
"1141","SO","SOM","Somalia","AF",0,2022,6000,0.921
"1351","ZA","ZAF","South Africa","AF",0,2022,1100,32.759
"1347","ZA","ZAF","South Africa","AF",0,2022,1200,18.861
"1346","ZA","ZAF","South Africa","AF",0,2022,1300,2.134
"1349","ZA","ZAF","South Africa","AF",0,2022,2000,1.282
"1352","ZA","ZAF","South Africa","AF",0,2022,3000,1.148
"1350","ZA","ZAF","South Africa","AF",0,2022,4000,4.568
"1345","ZA","ZAF","South Africa","AF",0,2022,5000,39.248
"1348","ZA","ZAF","South Africa","AF",0,2022,6000,0
"753","LK","LKA","Sri Lanka","AS",0,2022,1100,3.067
"754","LK","LKA","Sri Lanka","AS",0,2022,1200,18.701
"748","LK","LKA","Sri Lanka","AS",0,2022,1300,8.079
"752","LK","LKA","Sri Lanka","AS",0,2022,2000,2.092
"747","LK","LKA","Sri Lanka","AS",0,2022,3000,0
"750","LK","LKA","Sri Lanka","AS",0,2022,4000,0
"751","LK","LKA","Sri Lanka","AS",0,2022,5000,67.006
"749","LK","LKA","Sri Lanka","AS",0,2022,6000,1.056
"1203","SZ","SWZ","Swaziland","AF",0,2022,1100,29.743
"1200","SZ","SWZ","Swaziland","AF",0,2022,1200,16.415
"1197","SZ","SWZ","Swaziland","AF",0,2022,1300,0.013
"1202","SZ","SWZ","Swaziland","AF",0,2022,2000,11.984
"1199","SZ","SWZ","Swaziland","AF",0,2022,3000,0
"1204","SZ","SWZ","Swaziland","AF",0,2022,4000,2.814
"1201","SZ","SWZ","Swaziland","AF",0,2022,5000,39.03
"1198","SZ","SWZ","Swaziland","AF",0,2022,6000,0
"1231","TH","THA","Thailand","AS",0,2022,1100,11.522
"1230","TH","THA","Thailand","AS",0,2022,1200,25.641
"1228","TH","THA","Thailand","AS",0,2022,1300,0
"1229","TH","THA","Thailand","AS",0,2022,2000,4.189
"1227","TH","THA","Thailand","AS",0,2022,4000,2.325
"1232","TH","THA","Thailand","AS",0,2022,5000,55.644
"1233","TH","THA","Thailand","AS",0,2022,6000,0.678
"1244","TL","TLS","Timor-Leste","OC",0,2022,1100,4.37
"1245","TL","TLS","Timor-Leste","OC",0,2022,1200,75.09
"1242","TL","TLS","Timor-Leste","OC",0,2022,1300,2.757
"1243","TL","TLS","Timor-Leste","OC",0,2022,2000,0
"1248","TL","TLS","Timor-Leste","OC",0,2022,3000,0
"1249","TL","TLS","Timor-Leste","OC",0,2022,4000,0
"1247","TL","TLS","Timor-Leste","OC",0,2022,5000,17.637
"1246","TL","TLS","Timor-Leste","OC",0,2022,6000,0.145
"1221","TG","TGO","Togo","AF",0,2022,1100,7.393
"1223","TG","TGO","Togo","AF",0,2022,1200,14.386
"1225","TG","TGO","Togo","AF",0,2022,1300,0
"1220","TG","TGO","Togo","AF",0,2022,3000,0.06
"1226","TG","TGO","Togo","AF",0,2022,4000,0.637
"1224","TG","TGO","Togo","AF",0,2022,5000,75.809
"1222","TG","TGO","Togo","AF",0,2022,6000,1.716
"1240","TK","TKL","Tokelau","OC",0,2022,1100,60.572
"1241","TK","TKL","Tokelau","OC",0,2022,1200,0
"1239","TK","TKL","Tokelau","OC",0,2022,1300,0
"1235","TK","TKL","Tokelau","OC",0,2022,2000,0
"1236","TK","TKL","Tokelau","OC",0,2022,3000,0
"1234","TK","TKL","Tokelau","OC",0,2022,4000,0
"1238","TK","TKL","Tokelau","OC",0,2022,5000,39.428
"1237","TK","TKL","Tokelau","OC",0,2022,6000,0
"1253","TT","TTO","Trinidad and Tobago","NO",0,2022,1100,13.576
"1251","TT","TTO","Trinidad and Tobago","NO",0,2022,1200,51.534
"1255","TT","TTO","Trinidad and Tobago","NO",0,2022,1300,2.339
"1250","TT","TTO","Trinidad and Tobago","NO",0,2022,2000,9.934
"1252","TT","TTO","Trinidad and Tobago","NO",0,2022,3000,0
"1256","TT","TTO","Trinidad and Tobago","NO",0,2022,4000,0.787
"1257","TT","TTO","Trinidad and Tobago","NO",0,2022,5000,21.83
"1254","TT","TTO","Trinidad and Tobago","NO",0,2022,6000,0
"1259","TN","TUN","Tunisia","AF",0,2022,1100,21.874
"1265","TN","TUN","Tunisia","AF",0,2022,1200,8.887
"1258","TN","TUN","Tunisia","AF",0,2022,1300,0
"1264","TN","TUN","Tunisia","AF",0,2022,2000,27.534
"1261","TN","TUN","Tunisia","AF",0,2022,3000,1.146
"1263","TN","TUN","Tunisia","AF",0,2022,4000,0.998
"1262","TN","TUN","Tunisia","AF",0,2022,5000,37.393
"1260","TN","TUN","Tunisia","AF",0,2022,6000,2.168
"1286","UG","UGA","Uganda","AF",0,2022,1100,27.967
"1288","UG","UGA","Uganda","AF",0,2022,1200,7.957
"1285","UG","UGA","Uganda","AF",0,2022,1300,0.471
"1283","UG","UGA","Uganda","AF",0,2022,3000,0
"1287","UG","UGA","Uganda","AF",0,2022,4000,1.452
"1282","UG","UGA","Uganda","AF",0,2022,5000,62.071
"1284","UG","UGA","Uganda","AF",0,2022,6000,0.082
"1295","UA","UKR","Ukraine","EU",0,2022,1100,25.111
"1291","UA","UKR","Ukraine","EU",0,2022,1200,7.794
"1293","UA","UKR","Ukraine","EU",0,2022,1300,0
"1290","UA","UKR","Ukraine","EU",0,2022,2000,25.384
"1296","UA","UKR","Ukraine","EU",0,2022,3000,0
"1294","UA","UKR","Ukraine","EU",0,2022,4000,2.19
"1289","UA","UKR","Ukraine","EU",0,2022,5000,39.521
"1292","UA","UKR","Ukraine","EU",0,2022,6000,0
"1304","UY","URY","Uruguay","SA",0,2022,1100,14.565
"1298","UY","URY","Uruguay","SA",0,2022,1200,10.63
"1300","UY","URY","Uruguay","SA",0,2022,1300,1.441
"1297","UY","URY","Uruguay","SA",0,2022,2000,25.193
"1302","UY","URY","Uruguay","SA",0,2022,3000,0
"1299","UY","URY","Uruguay","SA",0,2022,4000,7.7
"1301","UY","URY","Uruguay","SA",0,2022,5000,39.892
"1303","UY","URY","Uruguay","SA",0,2022,6000,0.58
"1333","VU","VUT","Vanuatu","OC",0,2022,1100,0
"1330","VU","VUT","Vanuatu","OC",0,2022,1200,0
"1335","VU","VUT","Vanuatu","OC",0,2022,1300,0
"1331","VU","VUT","Vanuatu","OC",0,2022,2000,0
"1334","VU","VUT","Vanuatu","OC",0,2022,3000,0
"1332","VU","VUT","Vanuatu","OC",0,2022,4000,2.375
"1329","VU","VUT","Vanuatu","OC",0,2022,5000,97.625
"1336","VU","VUT","Vanuatu","OC",0,2022,6000,0
"1324","VN","VNM","Viet Nam","AS",0,2022,1100,9
"1323","VN","VNM","Viet Nam","AS",0,2022,1200,18.733
"1321","VN","VNM","Viet Nam","AS",0,2022,1300,0
"1328","VN","VNM","Viet Nam","AS",0,2022,2000,28.671
"1322","VN","VNM","Viet Nam","AS",0,2022,3000,0
"1325","VN","VNM","Viet Nam","AS",0,2022,4000,0.178
"1326","VN","VNM","Viet Nam","AS",0,2022,5000,43.418
"1327","VN","VNM","Viet Nam","AS",0,2022,6000,0
"1359","ZM","ZMB","Zambia","AF",0,2022,1100,22.679
"1354","ZM","ZMB","Zambia","AF",0,2022,1200,26.373
"1358","ZM","ZMB","Zambia","AF",0,2022,1300,10.125
"1356","ZM","ZMB","Zambia","AF",0,2022,3000,0.284
"1357","ZM","ZMB","Zambia","AF",0,2022,4000,0.555
"1353","ZM","ZMB","Zambia","AF",0,2022,5000,39.985
"1355","ZM","ZMB","Zambia","AF",0,2022,6000,0
